{"train_loss": 0.04292327165603638, "train_acc": 1.0, "epoch": 9, "trainer/global_step": 14999, "_timestamp": 1655115336, "_runtime": 143, "_step": 309, "dev_loss": 0.22577685117721558, "dev_acc": 0.9409166574478149, "_wandb": {"runtime": 143}}